{
  "project_info": {
    "project_number": "338922718726",
    "project_id": "attendance-8eca0",
    "storage_bucket": "attendance-8eca0.appspot.com"
  },
  "client": [
    {
      "client_info": {
        "mobilesdk_app_id": "1:338922718726:android:246a6906df0da7956aa587",
        "android_client_info": {
          "package_name": "com.attendance"
        }
      },
      "oauth_client": [
        {
          "client_id": "338922718726-nqvu5bav70llmsd091ji9tohqco9qo3p.apps.googleusercontent.com",
          "client_type": 3
        }
      ],
      "api_key": [
        {
          "current_key": "AIzaSyBZ-CZ7vIPtuW3VVoQOhg9rv_ZWYKCtuNc"
        }
      ],
      "services": {
        "appinvite_service": {
          "other_platform_oauth_client": [
            {
              "client_id": "338922718726-nqvu5bav70llmsd091ji9tohqco9qo3p.apps.googleusercontent.com",
              "client_type": 3
            }
          ]
        }
      }
    }
  ],
  "configuration_version": "1"
}